<?xml version="1.0" encoding="UTF-8"?>
<metadata xml:lang="en"><dataIdInfo><envirDesc>Microsoft Windows XP Version 5.1 (Build 2600) Service Pack 3; ESRI ArcGIS 10.0.4.4000</envirDesc><dataLang><languageCode value="en"/><countryCode value="US"/></dataLang><idCitation><resTitle>Zoning District Overlays</resTitle><presForm><PresFormCd value="005"/></presForm></idCitation><spatRpType><SpatRepTypCd value="001"/></spatRpType><dataExt><geoEle><GeoBndBox esriExtentType="search"><exTypeCode>1</exTypeCode><westBL>-75.283517</westBL><eastBL>-74.954032</eastBL><northBL>40.143806</northBL><southBL>39.890040</southBL></GeoBndBox></geoEle></dataExt><idPurp>Boundaries of the City of Philadelphia Zoning Overlay Districts enacted December 15, 2011 and made effective August 22, 2012.

Data last updated July 18, 2012.
Metadata updated July 19, 2012.
</idPurp><idAbs>&lt;DIV STYLE="text-align:Left;"&gt;&lt;DIV&gt;&lt;DIV&gt;&lt;P STYLE="margin:0 0 0 0;"&gt;&lt;SPAN&gt;Polygon boundaries of Zoning Overlay Districts enacted under Section 14-500 of the Zoning Code of December 2011 and made effective August 22, 2012. Overlay zoning district regulations apply in combination with underlying base zoning district regulations of the Zoning Code. As allowed by the Zoning Code, overlay boundaries may overlap one another and are not required to be coincident with one another.&lt;/SPAN&gt;&lt;/P&gt;&lt;P STYLE="margin:0 0 0 0;"&gt;&lt;SPAN /&gt;&lt;/P&gt;&lt;P STYLE="margin:0 0 0 0;"&gt;&lt;SPAN&gt;KEY ATTRIBUTE FIELDS:&lt;/SPAN&gt;&lt;/P&gt;&lt;P STYLE="margin:0 0 0 0;"&gt;&lt;SPAN&gt;&lt;SPAN&gt;Overlay Name: Name of Overlay District&lt;/SPAN&gt;&lt;/SPAN&gt;&lt;/P&gt;&lt;P STYLE="margin:0 0 0 0;"&gt;&lt;SPAN&gt;&lt;SPAN&gt;Overlay Symbol: Symbol or text used to denote the Overlay District on a map.&lt;/SPAN&gt;&lt;/SPAN&gt;&lt;/P&gt;&lt;P STYLE="margin:0 0 0 0;"&gt;&lt;SPAN&gt;&lt;SPAN&gt;Code Section: Reference to the section of the Zoning Code describing the Overlay District&lt;/SPAN&gt;&lt;/SPAN&gt;&lt;/P&gt;&lt;P STYLE="margin:0 0 0 0;"&gt;&lt;SPAN&gt;&lt;SPAN&gt;Code Link: Hyperlink to the American Legal website containing a copy of the Philadelphia Zoning Code &lt;/SPAN&gt;&lt;/SPAN&gt;&lt;/P&gt;&lt;P STYLE="margin:0 0 0 0;"&gt;&lt;SPAN&gt;&lt;SPAN&gt;Regulation Type: Brief summary of the uses regulated under the Overlay District&lt;/SPAN&gt;&lt;/SPAN&gt;&lt;/P&gt;&lt;P STYLE="margin:0 0 0 0;"&gt;&lt;SPAN&gt;Sunset Date: Date on which a particular Overlay District is to end and cease to be law.&lt;/SPAN&gt;&lt;/P&gt;&lt;P STYLE="margin:0 0 0 0;"&gt;&lt;SPAN /&gt;&lt;/P&gt;&lt;P STYLE="margin:0 0 0 0;"&gt;&lt;SPAN&gt;DATA DEVELOPMENT:&lt;/SPAN&gt;&lt;/P&gt;&lt;P STYLE="margin:0 0 0 0;"&gt;&lt;SPAN&gt;&lt;SPAN&gt;Features produced in ArcGIS Desktop using PA South Stateplane coordinates, NAD83, US Foot.&lt;/SPAN&gt;&lt;/SPAN&gt;&lt;/P&gt;&lt;P /&gt;&lt;/DIV&gt;&lt;/DIV&gt;&lt;/DIV&gt;</idAbs><idCredit>Philadelphia City Planning Commission
1515 Arch Street, 13 Fl
Philadelphia, PA  19102-1583
215-683-4615</idCredit><searchKeys><keyword>zoning</keyword><keyword>overlay</keyword><keyword>districts</keyword><keyword>Philadelphia</keyword><keyword>PCPC</keyword><keyword>planning</keyword></searchKeys></dataIdInfo><mdLang><languageCode value="en"/><countryCode value="US"/></mdLang><mdChar><CharSetCd value="004"/></mdChar><distInfo><distFormat><formatName>SDE Feature Class</formatName></distFormat></distInfo><mdHrLv><ScopeCd value="005"/></mdHrLv><mdHrLvName>dataset</mdHrLvName><refSysInfo><RefSystem><refSysID><identCode code="2272" value="2272"/><idCodeSpace>EPSG</idCodeSpace><idVersion>7.4.1</idVersion></refSysID></RefSystem></refSysInfo><spatRepInfo><VectSpatRep><geometObjs><geoObjTyp><GeoObjTypCd value="002"/></geoObjTyp><geoObjCnt>75</geoObjCnt></geometObjs><topLvl><TopoLevCd value="001"/></topLvl></VectSpatRep></spatRepInfo><spdoinfo><ptvctinf/><direct>Vector</direct></spdoinfo><eainfo><detailed><enttyp><enttypl>GIS_PLANNING.Zoning_Overlays_2</enttypl></enttyp><attr><attrlabl>OBJECTID</attrlabl><attrdef>Internal feature number.</attrdef><attrdefs>ESRI</attrdefs><attrdomv><udom>Sequential unique whole numbers that are automatically generated.</udom></attrdomv></attr><attr><attrlabl>SHAPE</attrlabl><attrdef>Feature geometry.</attrdef><attrdefs>ESRI</attrdefs><attrdomv><udom>Coordinates defining the features.</udom></attrdomv></attr><attr><attrlabl>OVERLAY_NAME</attrlabl></attr><attr><attrlabl>OVERLAY_SYMBOL</attrlabl></attr><attr><attrlabl>REGULATION_TYPE</attrlabl></attr><attr><attrlabl>CODE_SECTION</attrlabl></attr><attr><attrlabl>CODE_SECTION_LINK</attrlabl></attr><attr><attrlabl>SUNSET_DATE</attrlabl></attr><attr><attrlabl>SHAPE.AREA</attrlabl></attr><attr><attrlabl>SHAPE.LEN</attrlabl></attr></detailed></eainfo><mdDateSt>20120719</mdDateSt><idinfo><descript><abstract>Polygon boundaries of Zoning Overlay Districts enacted under Section 14-500 of the Zoning Code of December 2011 and made effective August 22, 2012. Overlay zoning district regulations apply in combination with underlying base zoning district regulations of the Zoning Code. As allowed by the Zoning Code, overlay boundaries may overlap one another and are not required to be coincident with one another.</abstract></descript><datacred>Philadelphia City Planning Commission 1515 Arch Street, 13 Fl Philadelphia, PA 19102-1583 215-683-4615</datacred><citation><citeinfo><origin>Philadelphia City Planning Commission</origin><pubdate>201208</pubdate><title>Zoning District Overlays 201208</title><geoform>vector digital data</geoform><onlink>Philadelphia City Planning Commission</onlink></citeinfo></citation><keywords><place><placekey>City of Philadelphia</placekey><placekey>Philadelphia</placekey></place><theme><themekey>zoning</themekey><themekt>ISO 19115 Topic Categories</themekt><themekey>overlay</themekey><themekey>districts</themekey><themekey>PCPC</themekey><themekey>planning</themekey></theme></keywords><timeperd><timeinfo><sngdate><caldate>201208</caldate></sngdate></timeinfo><current>publication date</current></timeperd><status><progress>In work</progress><update>As needed</update></status><spdom><bounding><westbc>-75.283955</westbc><eastbc>-74.954103</eastbc><northbc>40.143719</northbc><southbc>39.865001</southbc></bounding></spdom><ptcontac><cntinfo><cntperp><cntper>Darshna Patel</cntper><cntorg>Philadelphia City Planning Commission </cntorg></cntperp><cntpos>GIS Manager</cntpos><cntvoice>(215) 683-4611</cntvoice><cntfax>(215) 683-4630 </cntfax><cntemail>Darshna.Patel@phila.gov</cntemail></cntinfo></ptcontac></idinfo><distinfo><distrib><cntinfo><cntperp><cntorg>Pennsylvania Spatial Data Access (PASDA)</cntorg></cntperp><cntaddr><addrtype>mailing address</addrtype><address>115 Land and Water Building</address><city>University Park</city><state>Pennsylvania</state><postal>16802</postal><country>United States</country></cntaddr><cntvoice>(814) 865 8792</cntvoice><cntemail>pasda@psu.edu</cntemail></cntinfo></distrib><resdesc>Downloadable Data</resdesc><distliab>The USER shall indemnify, save harmless, and, if requested, defend those parties involved with the development and distribution of this data, their officers, agents, and employees from and against any suits, claims, or actions for injury, death, or property damage arising out of the use of or any defect in the FILES or any accompanying documentation. Those parties involved with the development and distribution excluded any and all implied warranties, including warranties or merchantability and fitness for a particular purpose and makes no warranty or representation, either express or implied, with respect to the FILES or accompanying documentation, including its quality, performance, merchantability, or fitness for a particular purpose. The FILES and documentation are provided "as is" and the USER assumes the entire risk as to its quality and performance. Those parties involved with the development and distribution of this data will not be liable for any direct, indirect, special, incidental, or consequential damages arising out of the use or inability to use the FILES or any accompanying documentation.</distliab></distinfo><metainfo><metc><cntinfo><cntperp><cntper>Darshna Patel</cntper><cntorg>Philadelphia City Planning Commission</cntorg></cntperp><cntpos>GIS Manager</cntpos><cntvoice>(215) 683-4611</cntvoice><cntemail>Darshna.Patel@phila.gov</cntemail><cntfax>(215) 683-4630</cntfax></cntinfo></metc><metd>201208</metd></metainfo><spref><horizsys><geodetic><horizdn>North American Datum of 1983</horizdn><ellips>Geodetic Reference System 80</ellips><semiaxis>6378137.000000</semiaxis><denflat>298.257222</denflat></geodetic></horizsys><vertdef><altsys><altres>0.000100</altres><altenc>Explicit elevation coordinate included with horizontal coordinates</altenc></altsys></vertdef></spref></metadata>
